{
	"configs" : [
		{
			"remarks" : "",
			"id" : "4C30E554FC6D2AEF6D0522B4E8DC7CF8",
			"server" : "35.194.180.174",
			"server_port" : 8388,
			"server_udp_port" : 0,
			"password" : "zxcv1234",
			"method" : "aes-128-ctr",
			"protocol" : "auth_aes128_md5",
			"protocolparam" : "",
			"obfs" : "tls1.2_ticket_auth",
			"obfsparam" : "tls1.2_ticket_auth_compatible",
			"remarks_base64" : "",
			"group" : "",
			"enable" : true,
			"udp_over_tcp" : false
		}
	],
	"index" : 0,
	"random" : false,
	"sysProxyMode" : 3,
	"shareOverLan" : false,
	"bypassWhiteList" : false,
	"localPort" : 1080,
	"localAuthPassword" : "T96TzEZs4ri7TRkY_ze0",
	"dns_server" : "",
	"reconnectTimes" : 2,
	"randomAlgorithm" : 0,
	"randomInGroup" : false,
	"TTL" : 0,
	"connect_timeout" : 5,
	"proxyRuleMode" : 0,
	"proxyEnable" : false,
	"pacDirectGoProxy" : false,
	"proxyType" : 0,
	"proxyHost" : "",
	"proxyPort" : 0,
	"proxyAuthUser" : "",
	"proxyAuthPass" : "",
	"proxyUserAgent" : "",
	"authUser" : "",
	"authPass" : "",
	"autoBan" : false,
	"sameHostForSameTarget" : false,
	"keepVisitTime" : 180,
	"isHideTips" : true,
	"token" : {

	},
	"portMap" : {

	}
}